date,value,Flow
17/12/2015,0,57.275
17/12/2015,0,56.815
17/12/2015,0,56.713
17/12/2015,0,56.357
17/12/2015,0,55.899
17/12/2015,0,55.544
17/12/2015,0,55.189
17/12/2015,0,54.634
17/12/2015,0,54.281
17/12/2015,0,53.93
17/12/2015,0,53.679
17/12/2015,0,53.078
17/12/2015,0,52.529
17/12/2015,0,52.33
17/12/2015,0,51.883
17/12/2015,0,51.289
17/12/2015,0,50.747
17/12/2015,0,50.55
17/12/2015,0,50.107
17/12/2015,0,49.618
17/12/2015,0,49.227
17/12/2015,0,48.788
17/12/2015,0,48.545
17/12/2015,0,48.157
17/12/2015,0,47.77
17/12/2015,0,47.432
17/12/2015,0,47.143
17/12/2015,0,46.807
17/12/2015,0,46.375
17/12/2015,0,45.993
17/12/2015,0,45.802
17/12/2015,0,45.659
17/12/2015,0,45.279
17/12/2015,0,44.946
17/12/2015,0,44.757
17/12/2015,0,44.331
17/12/2015,0,44.096
17/12/2015,0,44.049
17/12/2015,0,43.813
17/12/2015,0,43.485
17/12/2015,0,43.344
17/12/2015,0,43.157
17/12/2015,0,42.876
17/12/2015,0,42.736
17/12/2015,0,42.689
17/12/2015,0,42.457
17/12/2015,0,42.177
17/12/2015,0,42.131
17/12/2015,0,41.76
17/12/2015,0,41.76
17/12/2015,0,41.39
17/12/2015,0,41.067
17/12/2015,0,40.883
17/12/2015,0,40.837
17/12/2015,0,40.561
17/12/2015,0,40.286
17/12/2015,0,40.149
17/12/2015,0,39.921
17/12/2015,0,39.784
17/12/2015,0,39.647
17/12/2015,0,39.465
17/12/2015,0,39.192
17/12/2015,0,39.011
17/12/2015,0,38.875
17/12/2015,0,38.784
17/12/2015,0,38.604
17/12/2015,0,38.288
17/12/2015,0,38.243
17/12/2015,0,38.018
17/12/2015,0,37.928
17/12/2015,0,37.614
17/12/2015,0,37.614
17/12/2015,0,37.345
17/12/2015,0,37.167
17/12/2015,0,37.033
17/12/2015,0,36.81
17/12/2015,0,36.632
17/12/2015,0,36.499
17/12/2015,0,36.499
17/12/2015,0,36.189
17/12/2015,0,36.012
17/12/2015,0,35.924
17/12/2015,0,35.791
17/12/2015,0,35.571
17/12/2015,0,35.483
17/12/2015,0,35.351
17/12/2015,0,35.219
17/12/2015,0,35.175
17/12/2015,0,34.912
17/12/2015,0,34.781
17/12/2015,0,34.738
17/12/2015,0,34.607
17/12/2015,0,34.302
17/12/2015,0,34.345
17/12/2015,0,34.128
17/12/2015,0,34.128
18/12/2015,0,33.824
18/12/2015,0,33.781
18/12/2015,0,33.564
18/12/2015,0,33.564
18/12/2015,0,33.435
18/12/2015,0,33.133
18/12/2015,0,32.918
18/12/2015,0,33.004
18/12/2015,0,32.875
18/12/2015,0,32.618
18/12/2015,0,32.532
18/12/2015,0,32.447
18/12/2015,0,32.19
18/12/2015,0,32.02
18/12/2015,0,31.807
18/12/2015,0,31.637
18/12/2015,0,31.68
18/12/2015,0,31.468
18/12/2015,0,31.383
18/12/2015,0,31.13
18/12/2015,0,31.172
18/12/2015,0,30.961
18/12/2015,0,30.877
18/12/2015,0,30.709
18/12/2015,0,30.541
18/12/2015,0,30.457
18/12/2015,0,30.415
18/12/2015,0,30.289
18/12/2015,0,30.122
18/12/2015,0,29.955
18/12/2015,0,29.997
18/12/2015,0,29.83
18/12/2015,0,29.913
18/12/2015,0,29.664
18/12/2015,0,29.664
18/12/2015,0,29.664
18/12/2015,0,29.622
18/12/2015,0,29.664
18/12/2015,0,29.581
18/12/2015,0,29.581
18/12/2015,0,29.456
18/12/2015,0,29.415
18/12/2015,0,29.498
18/12/2015,0,29.415
18/12/2015,0,29.539
18/12/2015,0,29.456
18/12/2015,0,29.498
18/12/2015,0,29.539
18/12/2015,0,29.456
18/12/2015,0,29.498
18/12/2015,0,29.415
18/12/2015,0,29.249
18/12/2015,0,29.332
18/12/2015,0,29.208
18/12/2015,0,29.291
18/12/2015,0,29.125
18/12/2015,0.2,29.084
18/12/2015,0,28.919
18/12/2015,0,28.919
18/12/2015,0,28.96
18/12/2015,0,28.878
18/12/2015,0.2,28.878
18/12/2015,0,28.713
18/12/2015,0,28.713
18/12/2015,0,28.631
18/12/2015,0,28.59
18/12/2015,0,28.59
18/12/2015,0,28.59
18/12/2015,0,28.467
18/12/2015,0,28.303
18/12/2015,0,28.18
18/12/2015,0,28.221
18/12/2015,0,27.976
18/12/2015,0,28.017
18/12/2015,0,27.935
18/12/2015,0,27.894
18/12/2015,0,27.772
18/12/2015,0,27.609
18/12/2015,0,27.65
18/12/2015,0,27.731
18/12/2015,0,27.609
18/12/2015,0,27.609
18/12/2015,0,27.447
18/12/2015,0,27.447
18/12/2015,0,27.447
18/12/2015,0,27.366
18/12/2015,0,27.325
18/12/2015,0,27.204
18/12/2015,0,27.164
18/12/2015,0,27.164
18/12/2015,0,27.043
18/12/2015,0,27.043
18/12/2015,0,26.962
18/12/2015,0,26.962
18/12/2015,0,27.002
18/12/2015,0,26.72
19/12/2015,0,26.68
19/12/2015,0,26.56
19/12/2015,0,26.6
19/12/2015,0,26.519
19/12/2015,0,26.439
19/12/2015,0,26.399
19/12/2015,0,26.439
19/12/2015,0,26.199
19/12/2015,0,26.119
19/12/2015,0,25.92
19/12/2015,0,26
19/12/2015,0,25.88
19/12/2015,0,25.84
19/12/2015,0,25.721
19/12/2015,0,25.681
19/12/2015,0,25.523
19/12/2015,0,25.523
19/12/2015,0,25.443
19/12/2015,0,25.443
19/12/2015,0,25.364
19/12/2015,0,25.206
19/12/2015,0,25.127
19/12/2015,0,25.127
19/12/2015,0,25.009
19/12/2015,0,24.97
19/12/2015,0,24.93
19/12/2015,0,24.695
19/12/2015,0,24.695
19/12/2015,0,24.655
19/12/2015,0,24.616
19/12/2015,0,24.46
19/12/2015,0,24.382
19/12/2015,0,24.421
19/12/2015,0,24.264
19/12/2015,0,24.303
19/12/2015,0,24.264
19/12/2015,0,24.226
19/12/2015,0.2,24.343
19/12/2015,0,24.187
19/12/2015,0,24.109
19/12/2015,0,24.031
19/12/2015,0,24.031
19/12/2015,0,24.031
19/12/2015,0,24.031
19/12/2015,0,24.031
19/12/2015,0,23.992
19/12/2015,0,23.992
19/12/2015,0.2,23.953
19/12/2015,0,23.914
19/12/2015,0,24.031
19/12/2015,0,24.07
19/12/2015,0,24.109
19/12/2015,0,24.226
19/12/2015,0,24.226
19/12/2015,0,24.148
19/12/2015,0,24.226
19/12/2015,0,24.226
19/12/2015,0,24.304
19/12/2015,0,24.304
19/12/2015,0.2,24.343
19/12/2015,0.2,24.343
19/12/2015,0,24.304
19/12/2015,0,24.499
19/12/2015,0.2,24.46
19/12/2015,0,24.539
19/12/2015,0,24.656
19/12/2015,0.2,24.5
19/12/2015,0,24.578
19/12/2015,0.2,24.539
19/12/2015,0.2,24.304
19/12/2015,0,24.343
19/12/2015,0,24.421
19/12/2015,0,24.226
19/12/2015,0.2,24.07
19/12/2015,0.2,23.954
19/12/2015,0.2,23.954
19/12/2015,0,23.799
19/12/2015,0,23.837
19/12/2015,0.2,23.799
19/12/2015,0.6,23.682
19/12/2015,0.2,23.605
19/12/2015,0,23.682
19/12/2015,0,23.644
19/12/2015,0,23.682
19/12/2015,0.2,23.644
19/12/2015,0,23.683
19/12/2015,0.2,23.644
19/12/2015,0,23.528
19/12/2015,0,23.528
19/12/2015,0,23.605
19/12/2015,0,23.451
19/12/2015,0,23.374
19/12/2015,0,23.374
19/12/2015,0,23.335
19/12/2015,0,23.181
19/12/2015,0.4,23.297
20/12/2015,0.8,23.181
20/12/2015,0.2,23.258
20/12/2015,0,23.335
20/12/2015,0,23.258
20/12/2015,0,23.297
20/12/2015,0,23.258
20/12/2015,0,23.374
20/12/2015,0.2,23.451
20/12/2015,0.6,23.412
20/12/2015,3,23.22
20/12/2015,1,23.258
20/12/2015,0,23.297
20/12/2015,0.4,23.297
20/12/2015,3,23.181
20/12/2015,1,23.066
20/12/2015,0.4,22.951
20/12/2015,0,23.066
20/12/2015,0.2,23.105
20/12/2015,0,23.105
20/12/2015,0,23.066
20/12/2015,0,23.066
20/12/2015,0,23.22
20/12/2015,0,23.297
20/12/2015,0,23.529
20/12/2015,0.2,23.529
20/12/2015,0,23.8
20/12/2015,0,24.188
20/12/2015,0,24.618
20/12/2015,0,25.525
20/12/2015,0,26.643
20/12/2015,0,28.061
20/12/2015,0,29.751
20/12/2015,0,31.472
20/12/2015,0,33.31
20/12/2015,0,35.005
20/12/2015,0,36.549
20/12/2015,0,38.024
20/12/2015,0,39.426
20/12/2015,0,40.339
20/12/2015,0,41.212
20/12/2015,0,41.952
20/12/2015,0,42.324
20/12/2015,0,42.277
20/12/2015,0,42.51
20/12/2015,0,42.743
20/12/2015,0,42.65
20/12/2015,0,42.65
20/12/2015,0,42.371
20/12/2015,0,42.51
20/12/2015,0,42.371
20/12/2015,0,42.231
20/12/2015,0,41.999
20/12/2015,0,41.953
20/12/2015,0,41.906
20/12/2015,0,41.721
20/12/2015,0,41.628
20/12/2015,0,41.443
20/12/2015,0,41.351
20/12/2015,0,41.351
20/12/2015,0,41.167
20/12/2015,0,41.213
20/12/2015,0,41.351
20/12/2015,0,41.028
20/12/2015,0,40.982
20/12/2015,0,40.752
20/12/2015,0,40.936
20/12/2015,0,40.661
20/12/2015,0,40.523
20/12/2015,0,40.569
20/12/2015,0,40.34
20/12/2015,0,40.248
20/12/2015,0,39.974
20/12/2015,0,39.882
20/12/2015,0,39.381
20/12/2015,0,39.2
20/12/2015,0,39.063
20/12/2015,0,38.701
20/12/2015,0,38.385
20/12/2015,0,38.16
20/12/2015,0,37.531
20/12/2015,0,37.397
20/12/2015,0,37.04
20/12/2015,0,36.951
20/12/2015,0,36.639
20/12/2015,0,36.24
20/12/2015,0,35.798
20/12/2015,0,35.798
20/12/2015,0,35.402
20/12/2015,0,35.094
20/12/2015,0,34.875
20/12/2015,0,34.395
20/12/2015,0,34.352
20/12/2015,0,34.004
20/12/2015,0,33.83
20/12/2015,0,33.571
20/12/2015,0,33.528
21/12/2015,0,33.139
21/12/2015,0,32.839
21/12/2015,0,32.667
21/12/2015,0,32.496
21/12/2015,0,32.197
21/12/2015,0,32.154
21/12/2015,0,31.728
21/12/2015,0,31.601
21/12/2015,0,31.389
21/12/2015,0,31.178
21/12/2015,0,30.925
21/12/2015,0,30.925
21/12/2015,0,30.589
21/12/2015,0,30.463
21/12/2015,0,30.463
21/12/2015,0,30.17
21/12/2015,0,29.961
21/12/2015,0,29.836
21/12/2015,0,29.587
21/12/2015,0,29.587
21/12/2015,0,29.421
21/12/2015,0,29.421
21/12/2015,0,29.255
21/12/2015,0,29.131
21/12/2015,0,28.883
21/12/2015,0,28.801
21/12/2015,0,28.677
21/12/2015,0,28.636
21/12/2015,0,28.513
21/12/2015,0,28.349
21/12/2015,0,28.267
21/12/2015,0,28.226
21/12/2015,0,27.981
21/12/2015,0,27.94
21/12/2015,0,27.777
21/12/2015,0,27.818
21/12/2015,0,27.696
21/12/2015,0,27.737
21/12/2015,0,27.696
21/12/2015,0,27.452
21/12/2015,0,27.331
21/12/2015,0,27.29
21/12/2015,0,27.493
21/12/2015,0.2,27.29
21/12/2015,0.6,27.29
21/12/2015,0.8,27.331
21/12/2015,0.6,27.25
21/12/2015,0.2,27.331
21/12/2015,0.4,27.29
21/12/2015,0.2,27.25
21/12/2015,0.2,27.209
21/12/2015,0.6,27.331
21/12/2015,0.4,27.25
21/12/2015,1,27.412
21/12/2015,0.8,27.656
21/12/2015,0,27.493
21/12/2015,0,27.778
21/12/2015,0,28.145
21/12/2015,0,28.473
21/12/2015,0,28.967
21/12/2015,0,29.297
21/12/2015,0,29.962
21/12/2015,0,30.38
21/12/2015,0,30.842
21/12/2015,0,31.56
21/12/2015,0,32.497
21/12/2015,0,33.832
21/12/2015,0,34.746
21/12/2015,0,35.359
21/12/2015,0,35.976
21/12/2015,0,35.8
21/12/2015,0,35.491
21/12/2015,0,35.052
21/12/2015,0,34.484
21/12/2015,0,34.31
21/12/2015,0,33.919
21/12/2015,0,33.616
21/12/2015,0,33.573
21/12/2015,0,33.573
21/12/2015,0,33.616
21/12/2015,0,33.746
21/12/2015,0,34.136
21/12/2015,0,34.223
21/12/2015,0,34.223
21/12/2015,0,34.484
21/12/2015,0,34.572
21/12/2015,0,34.659
21/12/2015,0,34.746
21/12/2015,0,34.965
21/12/2015,0,35.097
21/12/2015,0,35.228
21/12/2015,0,35.448
21/12/2015,0,35.668
21/12/2015,0,36.154
21/12/2015,0,36.597
21/12/2015,0,36.998
22/12/2015,0,37.624
22/12/2015,0,38.118
22/12/2015,0,38.614
22/12/2015,0.2,39.475
22/12/2015,0.6,39.931
22/12/2015,0.4,40.664
22/12/2015,0.2,40.894
22/12/2015,0,41.447
22/12/2015,0,41.863
22/12/2015,0,41.91
22/12/2015,0,42.142
22/12/2015,0,42.374
22/12/2015,0,42.328
22/12/2015,0.2,42.468
22/12/2015,0,42.328
22/12/2015,0.2,42.235
22/12/2015,0,42.375
22/12/2015,0,42.421
22/12/2015,0,42.282
22/12/2015,0,42.235
22/12/2015,0,42.282
22/12/2015,0,42.049
22/12/2015,0.2,41.771
22/12/2015,0.2,41.818
22/12/2015,0,41.586
22/12/2015,0,41.17
22/12/2015,0.2,40.894
22/12/2015,0,40.756
22/12/2015,0,40.572
22/12/2015,0,40.114
22/12/2015,0,39.749
22/12/2015,0,39.294
22/12/2015,0,38.795
22/12/2015,0,38.569
22/12/2015,0,38.344
22/12/2015,0,37.894
22/12/2015,0,37.669
22/12/2015,0,37.445
22/12/2015,0,37.222
22/12/2015,0,37.088
22/12/2015,0.2,36.91
22/12/2015,0.4,36.865
22/12/2015,0.2,36.732
22/12/2015,0.2,36.821
22/12/2015,0.2,36.465
22/12/2015,0.2,36.376
22/12/2015,0.6,36.288
22/12/2015,0.2,36.377
22/12/2015,0.6,36.332
22/12/2015,1,36.377
22/12/2015,1,36.465
22/12/2015,0.8,36.421
22/12/2015,0.6,36.465
22/12/2015,0.2,36.732
22/12/2015,0.4,37.133
22/12/2015,0.2,37.759
22/12/2015,0.2,38.66
22/12/2015,0.4,39.567
22/12/2015,0,40.573
22/12/2015,0,41.31
22/12/2015,0,42.562
22/12/2015,0,44.722
22/12/2015,0,47.301
22/12/2015,0,49.778
22/12/2015,0,52.543
22/12/2015,0.2,54.648
22/12/2015,0,56.269
22/12/2015,0,56.881
22/12/2015,0,57.137
22/12/2015,0.2,56.728
22/12/2015,0,56.728
22/12/2015,0,57.035
22/12/2015,0,57.342
22/12/2015,0,58.111
22/12/2015,0,58.111
22/12/2015,0,58.42
22/12/2015,0,58.575
22/12/2015,0,58.884
22/12/2015,0,59.401
22/12/2015,0,59.816
22/12/2015,0,60.179
22/12/2015,0,60.544
22/12/2015,0,61.431
22/12/2015,0,61.588
22/12/2015,0,61.955
22/12/2015,0,62.428
22/12/2015,0,63.06
22/12/2015,0,63.588
22/12/2015,0,63.959
22/12/2015,0,64.277
22/12/2015,0.2,64.915
22/12/2015,0.2,65.182
22/12/2015,0,65.716
22/12/2015,0,65.876
22/12/2015,0,66.358
22/12/2015,0,66.251
23/12/2015,0,66.573
23/12/2015,0.6,66.841
23/12/2015,0,67.433
23/12/2015,0,67.272
23/12/2015,0,67.218
23/12/2015,0,67.379
23/12/2015,0,67.272
23/12/2015,0,67.272
23/12/2015,0.2,67.433
23/12/2015,0,67.379
23/12/2015,0,66.841
23/12/2015,0,66.949
23/12/2015,0,66.895
23/12/2015,0,66.734
23/12/2015,0,66.734
23/12/2015,0,66.412
23/12/2015,0,66.144
23/12/2015,0,65.984
23/12/2015,0,65.823
23/12/2015,0,65.556
23/12/2015,0,65.236
23/12/2015,0.2,64.703
23/12/2015,0,64.437
23/12/2015,0,63.907
23/12/2015,0.2,63.484
23/12/2015,0,62.956
23/12/2015,0,62.271
23/12/2015,0,61.904
23/12/2015,0,61.38
23/12/2015,0,61.275
23/12/2015,0,60.858
23/12/2015,0,60.441
23/12/2015,0,60.181
23/12/2015,0,59.454
23/12/2015,0,58.989
23/12/2015,0,58.267
23/12/2015,0,57.394
23/12/2015,0,56.883
23/12/2015,0,56.271
23/12/2015,0,55.763
23/12/2015,0,55.256
23/12/2015,0,54.903
23/12/2015,0,54.398
23/12/2015,0,53.795
23/12/2015,0,53.595
23/12/2015,0,52.944
23/12/2015,0,52.546
23/12/2015,0,52.247
23/12/2015,0,51.8
23/12/2015,0,51.355
23/12/2015,0,51.206
23/12/2015,0,50.615
23/12/2015,0,50.172
23/12/2015,0,50.123
23/12/2015,0,49.585
23/12/2015,0,49.243
23/12/2015,0,49.243
23/12/2015,0,49.048
23/12/2015,0,48.902
23/12/2015,0,48.61
23/12/2015,0,48.561
23/12/2015,0,48.367
23/12/2015,0,48.27
23/12/2015,0,48.513
23/12/2015,0,48.125
23/12/2015,0,48.367
23/12/2015,0,48.222
23/12/2015,0,48.222
23/12/2015,0,48.222
23/12/2015,0,48.222
23/12/2015,0,48.076
23/12/2015,0,47.98
23/12/2015,0,47.738
23/12/2015,0,47.835
23/12/2015,0,47.593
23/12/2015,0,47.545
23/12/2015,0,47.352
23/12/2015,0,47.256
23/12/2015,0,47.063
23/12/2015,0,46.871
23/12/2015,0,46.727
23/12/2015,0,46.535
23/12/2015,0,46.391
23/12/2015,0,45.913
23/12/2015,0,45.723
23/12/2015,0,45.532
23/12/2015,0,45.342
23/12/2015,0,45.01
23/12/2015,0,44.773
23/12/2015,0,44.489
23/12/2015,0,44.064
23/12/2015,0,43.829
23/12/2015,0,43.829
23/12/2015,0,43.453
23/12/2015,0,42.985
23/12/2015,0,42.845
24/12/2015,0,42.519
24/12/2015,0,42.239
24/12/2015,0,42.007
24/12/2015,0,41.683
24/12/2015,0,41.359
24/12/2015,0,41.221
24/12/2015,0,40.852
24/12/2015,0,40.623
24/12/2015,0,40.393
24/12/2015,0,40.119
24/12/2015,0,39.753
24/12/2015,0,39.571
24/12/2015,0,39.207
24/12/2015,0,38.799
24/12/2015,0,38.709
24/12/2015,0,38.393
24/12/2015,0,38.078
24/12/2015,0,37.763
24/12/2015,0,37.584
24/12/2015,0,37.137
24/12/2015,0,36.869
24/12/2015,0,36.736
24/12/2015,0,36.38
24/12/2015,0,36.203
24/12/2015,0,35.85
24/12/2015,0,35.629
24/12/2015,0,35.409
24/12/2015,0,35.19
24/12/2015,0,35.19
24/12/2015,0,34.927
24/12/2015,0,34.446
24/12/2015,0.2,34.403
24/12/2015,0.4,34.185
24/12/2015,0.2,34.011
24/12/2015,0.8,33.795
24/12/2015,1,33.708
24/12/2015,3.6,33.578
24/12/2015,0.6,33.276
24/12/2015,0,33.276
24/12/2015,0.6,33.406
24/12/2015,0.4,33.276
24/12/2015,0,33.362
24/12/2015,0,33.147
24/12/2015,0,33.104
24/12/2015,0,33.061
24/12/2015,0,33.276
24/12/2015,0,33.622
24/12/2015,0,34.272
24/12/2015,0,34.36
24/12/2015,0,34.796
24/12/2015,0,35.366
24/12/2015,0,35.806
24/12/2015,0,36.292
24/12/2015,0,37.182
24/12/2015,0,38.213
24/12/2015,0,39.027
24/12/2015,0,39.663
24/12/2015,0,40.074
24/12/2015,0,40.12
24/12/2015,0,40.532
24/12/2015,0,40.716
24/12/2015,0,41.407
24/12/2015,0,41.777
24/12/2015,0,42.707
24/12/2015,0,43.455
24/12/2015,0,43.925
24/12/2015,0,44.68
24/12/2015,0,45.296
24/12/2015,0,45.487
24/12/2015,0,45.772
24/12/2015,0,45.582
24/12/2015,0,45.439
24/12/2015,0,45.249
24/12/2015,0,45.154
24/12/2015,0,44.775
24/12/2015,0,44.491
24/12/2015,0,44.444
24/12/2015,0,43.831
24/12/2015,0,43.643
24/12/2015,0,43.268
24/12/2015,0,43.127
24/12/2015,0,42.94
24/12/2015,0,42.567
24/12/2015,0,42.521
24/12/2015,0,42.521
24/12/2015,0,42.288
24/12/2015,0.2,42.102
24/12/2015,0,41.963
24/12/2015,0,41.917
24/12/2015,0,41.917
24/12/2015,0,41.685
24/12/2015,0,41.407
24/12/2015,0,41.408
24/12/2015,0,41.269
24/12/2015,0,40.946
24/12/2015,0,41.039
25/12/2015,0,40.671
25/12/2015,0,40.487
25/12/2015,0,40.258
25/12/2015,0,40.075
25/12/2015,0,39.938
25/12/2015,0,39.71
25/12/2015,0,39.437
25/12/2015,0,39.346
25/12/2015,0,38.983
25/12/2015,0,38.756
25/12/2015,0,38.395
25/12/2015,0,38.17
25/12/2015,0,37.945
25/12/2015,0,37.676
25/12/2015,0,37.407
25/12/2015,0.2,37.139
25/12/2015,0.2,36.782
25/12/2015,0.2,36.427
25/12/2015,0.6,36.338
25/12/2015,0,36.117
25/12/2015,0,35.808
25/12/2015,0,35.543
25/12/2015,0,35.367
25/12/2015,0,35.236
25/12/2015,0,35.06
25/12/2015,0,34.666
25/12/2015,0,34.579
25/12/2015,0,34.318
25/12/2015,0,34.274
25/12/2015,0,34.144
25/12/2015,0,34.014
25/12/2015,0,33.883
25/12/2015,0,33.71
25/12/2015,0,33.624
25/12/2015,0,33.537
25/12/2015,0,33.408
25/12/2015,0,33.321
25/12/2015,0,33.235
25/12/2015,0,33.149
25/12/2015,0,33.106
25/12/2015,0,32.848
25/12/2015,0,32.805
25/12/2015,0,32.762
25/12/2015,0,32.548
25/12/2015,0,32.292
25/12/2015,0.2,32.292
25/12/2015,0.2,32.206
25/12/2015,0,32.121
25/12/2015,0.2,32.121
25/12/2015,0.2,32.078
25/12/2015,0.2,31.951
25/12/2015,0.6,31.993
25/12/2015,1,32.036
25/12/2015,0,32.292
25/12/2015,0.2,32.206
25/12/2015,0.4,32.249
25/12/2015,0.4,32.249
25/12/2015,0.2,32.335
25/12/2015,0.4,32.72
25/12/2015,0.6,33.02
25/12/2015,0.6,33.236
25/12/2015,1,33.581
25/12/2015,0.8,33.971
25/12/2015,0.8,34.711
25/12/2015,1.4,35.897
25/12/2015,3,37.856
25/12/2015,1.4,40.031
25/12/2015,1.4,42.662
25/12/2015,1,45.727
25/12/2015,0.4,49.346
25/12/2015,0.8,53.901
25/12/2015,1,56.787
25/12/2015,0.8,59.979
25/12/2015,0.8,64.179
25/12/2015,1.2,68.846
25/12/2015,1.2,73.914
25/12/2015,1.4,80.168
25/12/2015,1.2,86.461
25/12/2015,2.6,92.911
25/12/2015,1,98.101
25/12/2015,0.6,103.18
25/12/2015,3.6,107.927
25/12/2015,1.2,111.482
25/12/2015,1,115.216
25/12/2015,1.2,118.49
25/12/2015,0,123.242
25/12/2015,0.4,127.395
25/12/2015,0.4,132.261
25/12/2015,1,137.338
25/12/2015,0.2,141.567
25/12/2015,0.2,145.839
25/12/2015,0.4,150.462
25/12/2015,0.8,154.665
25/12/2015,0.4,157.487
25/12/2015,0.6,161.754
25/12/2015,0.6,163.742
26/12/2015,0.2,166.218
26/12/2015,0.2,167.822
26/12/2015,0,168.626
26/12/2015,0.4,170.561
26/12/2015,0.2,172.422
26/12/2015,0,174.046
26/12/2015,0,175.023
26/12/2015,0.6,176.573
26/12/2015,0.6,176.573
26/12/2015,0.8,177.801
26/12/2015,0.2,178.456
26/12/2015,1,178.702
26/12/2015,2.6,178.784
26/12/2015,1,178.785
26/12/2015,0.8,178.62
26/12/2015,1.2,178.785
26/12/2015,1.2,179.031
26/12/2015,1,179.524
26/12/2015,0.6,179.195
26/12/2015,0.6,179.359
26/12/2015,0.8,180.922
26/12/2015,1,181.995
26/12/2015,1.2,183.151
26/12/2015,0.8,184.394
26/12/2015,1.2,186.553
26/12/2015,1.2,187.803
26/12/2015,1.6,189.558
26/12/2015,1,189.642
26/12/2015,2,191.234
26/12/2015,4.6,192.494
26/12/2015,2.4,193.841
26/12/2015,0.8,194.685
26/12/2015,1,196.8
26/12/2015,0.8,198.412
26/12/2015,1,202.675
26/12/2015,1,205.591
26/12/2015,0.8,207.055
26/12/2015,0.8,208.954
26/12/2015,1,210.945
26/12/2015,1.4,213.291
26/12/2015,1.2,215.908
26/12/2015,1.6,219.501
26/12/2015,1.2,223.202
26/12/2015,1.6,225.858
26/12/2015,1.8,228.704
26/12/2015,1.2,232.187
26/12/2015,1.6,234.789
26/12/2015,1.8,237.49
26/12/2015,1.4,239.297
26/12/2015,1,242.288
26/12/2015,0.8,245.109
26/12/2015,1,248.033
26/12/2015,0.6,250.142
26/12/2015,0,252.624
26/12/2015,0,255.115
26/12/2015,0,257.058
26/12/2015,0.2,259.75
26/12/2015,0,261.705
26/12/2015,0,264.132
26/12/2015,0,267.692
26/12/2015,0,271.457
26/12/2015,0,274.861
26/12/2015,0,278.183
26/12/2015,0,280.947
26/12/2015,0,284.198
26/12/2015,0,286.212
26/12/2015,0,288.231
26/12/2015,0,291.124
26/12/2015,0,293.251
26/12/2015,0.4,295.675
26/12/2015,0.2,297.813
26/12/2015,0.4,299.274
26/12/2015,0.4,301.225
26/12/2015,0.8,303.377
26/12/2015,0.4,304.651
26/12/2015,0.8,306.418
26/12/2015,0.8,308.779
26/12/2015,0.4,311.343
26/12/2015,1.2,312.727
26/12/2015,0.6,313.123
26/12/2015,1,314.807
26/12/2015,0.8,315.6
26/12/2015,0,316.891
26/12/2015,0.4,318.88
26/12/2015,0.2,321.173
26/12/2015,0,322.771
26/12/2015,0,324.572
26/12/2015,0.2,325.975
26/12/2015,0.2,327.782
26/12/2015,0,332.012
26/12/2015,0,333.325
26/12/2015,0,334.841
26/12/2015,0,336.462
26/12/2015,0,337.679
26/12/2015,0,338.085
26/12/2015,0,339.711
27/12/2015,0,340.932
27/12/2015,0,341.238
27/12/2015,0,341.645
27/12/2015,0,343.685
27/12/2015,0,343.889
27/12/2015,0,344.298
27/12/2015,0,343.685
27/12/2015,0,343.685
27/12/2015,0,343.583
27/12/2015,0,344.4
27/12/2015,0,343.685
27/12/2015,0,343.583
27/12/2015,0,343.788
27/12/2015,0,343.175
27/12/2015,0,342.563
27/12/2015,0,342.155
27/12/2015,0,341.442
27/12/2015,0,341.035
27/12/2015,0,340.119
27/12/2015,0,339.712
27/12/2015,0,339.102
27/12/2015,0,338.087
27/12/2015,0,337.782
27/12/2015,0,337.985
27/12/2015,0,337.681
27/12/2015,0,336.058
27/12/2015,0,335.349
27/12/2015,0,335.349
27/12/2015,0,334.034
27/12/2015,0,333.023
27/12/2015,0,333.327
27/12/2015,0,331.913
27/12/2015,0,330.904
27/12/2015,0,329.998
27/12/2015,0,328.79
27/12/2015,0,327.584
27/12/2015,0,325.978
27/12/2015,0,324.875
27/12/2015,0,323.274
27/12/2015,0,321.575
27/12/2015,0,320.078
27/12/2015,0,318.286
27/12/2015,0,316.497
27/12/2015,0,314.512
27/12/2015,0,312.434
27/12/2015,0,310.655
27/12/2015,0,307.109
27/12/2015,0,305.341
27/12/2015,0,302.891
27/12/2015,0,299.96
27/12/2015,0,297.136
27/12/2015,0,294.32
27/12/2015,0,290.935
27/12/2015,0,288.717
27/12/2015,0,285.736
27/12/2015,0,282.958
27/12/2015,0,279.425
27/12/2015,0,276.478
27/12/2015,0,273.919
27/12/2015,0,271.368
27/12/2015,0,267.134
27/12/2015,0,263.763
27/12/2015,0,260.22
27/12/2015,0,256.693
27/12/2015,0,253.182
27/12/2015,0,249.229
27/12/2015,0,245.845
27/12/2015,0,241.295
27/12/2015,0,237.947
27/12/2015,0,234.345
27/12/2015,0.2,230.047
27/12/2015,0.4,226.574
27/12/2015,0.4,222.06
27/12/2015,0.2,218.365
27/12/2015,0,214.866
27/12/2015,0,210.431
27/12/2015,0,206.458
27/12/2015,0.2,203.109
27/12/2015,0,199.864
27/12/2015,0,195.875
27/12/2015,0,192.921
27/12/2015,0,189.146
27/12/2015,0,185.645
27/12/2015,0,182.828
27/12/2015,0,180.024
27/12/2015,0,177.562
27/12/2015,0,174.623
27/12/2015,0,172.43
27/12/2015,0,169.6
27/12/2015,0,166.466
27/12/2015,0,163.67
27/12/2015,0,161.206
27/12/2015,0,158.519
27/12/2015,0,155.925
27/12/2015,0,154.204
27/12/2015,0,151.478
28/12/2015,0,149.542
28/12/2015,0,147.537
28/12/2015,0,145.694
28/12/2015,0,143.782
28/12/2015,0,142.183
28/12/2015,0,140.514
28/12/2015,0,139.078
28/12/2015,0,137.422
28/12/2015,0,135.772
28/12/2015,0,134.129
28/12/2015,0,132.938
28/12/2015,0,131.084
28/12/2015,0,130.05
28/12/2015,0,128.357
28/12/2015,0,127.11
28/12/2015,0,125.722
28/12/2015,0,124.629
28/12/2015,0,123.468
28/12/2015,0,121.876
28/12/2015,0,120.795
28/12/2015,0,120.004
28/12/2015,0,118.57
28/12/2015,0,117.713
28/12/2015,0,117.143
28/12/2015,0,116.289
28/12/2015,0,115.366
28/12/2015,0,114.376
28/12/2015,0,113.599
28/12/2015,0,112.824
28/12/2015,0,112.051
28/12/2015,0,111.21
28/12/2015,0,110.371
28/12/2015,0,109.395
28/12/2015,0,108.838
28/12/2015,0,108.213
28/12/2015,0,107.382
28/12/2015,0,106.898
28/12/2015,0,106.208
28/12/2015,0,105.45
28/12/2015,0,104.9
28/12/2015,0,104.352
28/12/2015,0,103.667
28/12/2015,0,103.052
28/12/2015,0,102.302
28/12/2015,0,101.894
28/12/2015,0,101.079
28/12/2015,0,100.537
28/12/2015,0,99.861
28/12/2015,0,99.659
28/12/2015,0,99.187
28/12/2015,0,98.446
28/12/2015,0,97.909
28/12/2015,0,97.44
28/12/2015,0,96.838
28/12/2015,0,96.504
28/12/2015,0,95.703
28/12/2015,0,95.437
28/12/2015,0,94.706
28/12/2015,0,94.242
28/12/2015,0,93.779
28/12/2015,0,93.25
28/12/2015,0,92.525
28/12/2015,0,91.999
28/12/2015,0,91.802
28/12/2015,0,91.015
28/12/2015,0,90.361
28/12/2015,0,89.579
28/12/2015,0,89.188
28/12/2015,0,88.539
28/12/2015,0,88.214
28/12/2015,0,87.244
28/12/2015,0,86.664
28/12/2015,0,86.342
28/12/2015,0,85.571
28/12/2015,0,85.059
28/12/2015,0,84.483
28/12/2015,0,83.782
28/12/2015,0,83.336
28/12/2015,0,83.146
28/12/2015,0,82.511
28/12/2015,0,81.878
28/12/2015,0,81.31
28/12/2015,0,80.995
28/12/2015,0,80.366
28/12/2015,0,79.99
28/12/2015,0,79.551
28/12/2015,0,79.363
28/12/2015,0,78.676
28/12/2015,0,78.302
28/12/2015,0,77.991
28/12/2015,0,77.619
28/12/2015,0,77.308
28/12/2015,0,77.184
28/12/2015,0,77.184
28/12/2015,0,76.937
28/12/2015,0,76.751
29/12/2015,0,76.257
29/12/2015,0,75.517
29/12/2015,0,74.965
29/12/2015,0,74.413
29/12/2015,0,73.985
29/12/2015,0,73.558
29/12/2015,0,73.131
29/12/2015,0,72.888
29/12/2015,0,72.402
29/12/2015,0,71.978
29/12/2015,0,71.736
29/12/2015,0,71.253
29/12/2015,0,70.951
29/12/2015,0,70.653
29/12/2015,0,70.544
29/12/2015,0,70.216
29/12/2015,0,69.889
29/12/2015,0,69.617
29/12/2015,0,69.236
29/12/2015,0.2,68.91
29/12/2015,0,68.747
29/12/2015,0,68.314
29/12/2015,0,68.152
29/12/2015,0,67.882
29/12/2015,0,67.504
29/12/2015,0,67.289
29/12/2015,0,67.073
29/12/2015,0,66.643
29/12/2015,0,66.482
29/12/2015,0,66.214
29/12/2015,0,65.786
29/12/2015,0,65.733
29/12/2015,0,65.466
29/12/2015,0,65.199
29/12/2015,0,64.879
29/12/2015,0,64.826
29/12/2015,0,64.454
29/12/2015,0,64.189
29/12/2015,0,63.976
29/12/2015,0,63.606
29/12/2015,0,63.606
29/12/2015,0,63.342
29/12/2015,0,63.025
29/12/2015,0,62.919
29/12/2015,0,62.814
29/12/2015,0,62.183
29/12/2015,0,62.235
29/12/2015,0,61.868
29/12/2015,0,61.763
29/12/2015,0,61.868
29/12/2015,0,61.554
29/12/2015,0,61.606
29/12/2015,0,61.449
29/12/2015,0,61.083
29/12/2015,0,60.926
29/12/2015,0,60.718
29/12/2015,0,60.353
29/12/2015,0,60.041
29/12/2015,0,60.041
29/12/2015,0,59.834
29/12/2015,0,59.574
29/12/2015,0,59.471
29/12/2015,0,59.264
29/12/2015,0,59.005
29/12/2015,0,58.902
29/12/2015,0,58.593
29/12/2015,0,58.284
29/12/2015,0,58.232
29/12/2015,0,57.872
29/12/2015,0,57.616
29/12/2015,0,57.513
29/12/2015,0,57.206
29/12/2015,0,56.9
29/12/2015,0,56.746
29/12/2015,0,56.39
29/12/2015,0,56.288
29/12/2015,0,56.186
29/12/2015,0,55.729
29/12/2015,0,55.526
29/12/2015,0,55.323
29/12/2015,0,55.071
29/12/2015,0,54.717
29/12/2015,0,54.667
29/12/2015,0,54.415
29/12/2015,0,54.264
29/12/2015,0,54.012
29/12/2015,0,53.761
29/12/2015,0,53.661
29/12/2015,0,53.161
29/12/2015,0,53.061
29/12/2015,0,53.011
29/12/2015,0,52.711
29/12/2015,0,52.413
29/12/2015,0.2,52.164
29/12/2015,0,51.965
29/12/2015,0,51.817
30/12/2015,0,51.569
30/12/2015,0,51.173
30/12/2015,0,50.976
30/12/2015,0,50.533
30/12/2015,0,50.385
30/12/2015,0,50.041
30/12/2015,0,49.894
30/12/2015,0,49.601
30/12/2015,0,49.161
30/12/2015,0,48.869
30/12/2015,0,48.626
30/12/2015,0,48.432
30/12/2015,0,48.141
30/12/2015,0,47.609
30/12/2015,0,47.416
30/12/2015,0,46.886
30/12/2015,0,46.79
30/12/2015,0,46.311
30/12/2015,0,45.929
30/12/2015,0,45.833
30/12/2015,0,45.643
30/12/2015,0,45.215
30/12/2015,0,45.025
30/12/2015,0,44.551
30/12/2015,0,44.504
30/12/2015,0,44.174
30/12/2015,0,43.985
30/12/2015,0,43.797
30/12/2015,0,43.656
30/12/2015,0,43.421
30/12/2015,0,43.187
30/12/2015,0,42.813
30/12/2015,0,42.673
30/12/2015,0,42.534
30/12/2015,0,42.161
30/12/2015,0,42.022
30/12/2015,0,41.837
30/12/2015,0,41.744
30/12/2015,0,41.559
30/12/2015,0,41.467
30/12/2015,0,41.236
30/12/2015,0,40.959
30/12/2015,0,40.913
30/12/2015,0,40.683
30/12/2015,0,40.683
30/12/2015,0,40.5
30/12/2015,0,40.592
30/12/2015,0,40.454
30/12/2015,0.6,40.454
30/12/2015,1.2,40.317
30/12/2015,0,40.317
30/12/2015,0,40.5
30/12/2015,0,40.821
30/12/2015,0.2,40.638
30/12/2015,0.2,40.317
30/12/2015,0.6,40.408
30/12/2015,0.4,40.317
30/12/2015,0.2,40.5
30/12/2015,0,40.454
30/12/2015,0.2,40.5
30/12/2015,0,40.822
30/12/2015,0,40.914
30/12/2015,0,40.914
30/12/2015,0.2,40.914
30/12/2015,0,40.868
30/12/2015,0,40.684
30/12/2015,0,40.73
30/12/2015,0,40.684
30/12/2015,0,40.684
30/12/2015,0,40.455
30/12/2015,0,40.271
30/12/2015,0,40.363
30/12/2015,0,40.226
30/12/2015,0,40.043
30/12/2015,0,40.134
30/12/2015,0,39.951
30/12/2015,0,39.906
30/12/2015,0,39.678
30/12/2015,0,39.495
30/12/2015,0,39.223
30/12/2015,0,39.041
30/12/2015,0,38.951
30/12/2015,0.2,38.996
30/12/2015,0,38.679
30/12/2015,0.2,38.815
30/12/2015,0.2,38.679
30/12/2015,0.2,38.363
30/12/2015,0.4,38.228
30/12/2015,0.6,38.273
30/12/2015,0.4,38.453
30/12/2015,0.2,38.634
30/12/2015,0.8,38.996
30/12/2015,0.8,39.223
30/12/2015,0.4,39.815
30/12/2015,0.2,40.455
30/12/2015,0.2,41.468
31/12/2015,0,42.395
31/12/2015,0,43.049
31/12/2015,0,43.846
31/12/2015,0,44.742
31/12/2015,0,45.502
31/12/2015,0,46.361
31/12/2015,0,47.466
31/12/2015,0,48.774
31/12/2015,0,50.191
31/12/2015,0,51.176
31/12/2015,0,51.819
31/12/2015,0,51.869
31/12/2015,0,51.72
31/12/2015,0,50.979
31/12/2015,0,50.24
31/12/2015,0,49.555
31/12/2015,0,48.823
31/12/2015,0,48.289
31/12/2015,0,47.756
31/12/2015,0,47.467
31/12/2015,0,47.129
31/12/2015,0,46.793
31/12/2015,0,46.841
31/12/2015,0,46.745
31/12/2015,0,46.553
31/12/2015,0,46.314
31/12/2015,0,46.457
31/12/2015,0.2,46.362
31/12/2015,0.2,46.122
31/12/2015,0,45.836
31/12/2015,0,45.931
31/12/2015,0,45.693
31/12/2015,0,45.407
31/12/2015,0,45.265
31/12/2015,0,45.17
31/12/2015,0,45.217
31/12/2015,0.2,44.885
31/12/2015,0,44.696
31/12/2015,0,44.554
31/12/2015,0.2,44.46
31/12/2015,0,44.318
31/12/2015,0,44.365
31/12/2015,0,44.129
31/12/2015,0,44.035
31/12/2015,0,43.894
31/12/2015,0,44.035
31/12/2015,0,43.659
31/12/2015,0,43.753
31/12/2015,0,43.894
31/12/2015,0,43.847
31/12/2015,0,43.706
31/12/2015,0,43.847
31/12/2015,0,43.8
31/12/2015,0,43.706
31/12/2015,0,43.565
31/12/2015,0,43.425
31/12/2015,0,43.471
31/12/2015,0,43.097
31/12/2015,0,43.003
31/12/2015,0,42.583
31/12/2015,0,42.63
31/12/2015,0,42.257
31/12/2015,0.6,42.118
31/12/2015,0.8,42.025
31/12/2015,0.4,42.072
31/12/2015,0,42.165
31/12/2015,0,41.979
31/12/2015,0,41.655
31/12/2015,0,41.562
31/12/2015,1.8,41.423
31/12/2015,0.8,41.239
31/12/2015,0,41.377
31/12/2015,0,41.285
31/12/2015,0,41.193
31/12/2015,0,41.193
31/12/2015,0,41.424
31/12/2015,0,41.516
31/12/2015,0.6,41.979
31/12/2015,0.4,42.584
31/12/2015,0,43.097
31/12/2015,0,43.66
31/12/2015,0.4,44.177
31/12/2015,0,44.461
31/12/2015,0,44.934
31/12/2015,0,45.409
31/12/2015,0,46.267
31/12/2015,0,46.267
31/12/2015,0,46.315
31/12/2015,0,46.267
31/12/2015,0,46.124
31/12/2015,0,45.933
31/12/2015,0,45.599
31/12/2015,0,45.742
31/12/2015,0,45.599
31/12/2015,0,45.838
31/12/2015,0,45.409
01/01/2016,0,45.504
01/01/2016,0,45.409
01/01/2016,0,45.409
01/01/2016,0,45.172
01/01/2016,0,45.172
01/01/2016,0,44.887
01/01/2016,0,44.887
01/01/2016,0,44.698
01/01/2016,0,44.603
01/01/2016,0,44.414
01/01/2016,0,44.414
01/01/2016,0,44.037
01/01/2016,0,43.848
01/01/2016,0,43.849
01/01/2016,0,43.567
01/01/2016,0,43.426
01/01/2016,0,43.285
01/01/2016,0,43.145
01/01/2016,0,42.864
01/01/2016,0,42.724
01/01/2016,0,42.491
01/01/2016,0,42.305
01/01/2016,0,42.212
01/01/2016,0,41.98
01/01/2016,0,41.934
01/01/2016,0,41.61
01/01/2016,0,41.563
01/01/2016,0,41.425
01/01/2016,0,41.286
01/01/2016,0,41.056
01/01/2016,0,41.102
01/01/2016,0,40.826
01/01/2016,0,40.642
01/01/2016,0,40.596
01/01/2016,0,40.504
01/01/2016,0,40.321
01/01/2016,0,40.138
01/01/2016,0,39.955
01/01/2016,0,40.001
01/01/2016,0,39.772
01/01/2016,0,39.454
01/01/2016,0,39.59
01/01/2016,0,39.408
01/01/2016,0,39.408
01/01/2016,0,39.136
01/01/2016,0,38.909
01/01/2016,0,38.638
01/01/2016,0,38.412
01/01/2016,0,38.547
01/01/2016,0,38.232
01/01/2016,0,38.007
01/01/2016,0,38.052
01/01/2016,0,37.782
01/01/2016,0,37.603
01/01/2016,0,37.558
01/01/2016,0,37.468
01/01/2016,0,37.156
01/01/2016,0,37.2
01/01/2016,0,36.977
01/01/2016,0,36.933
01/01/2016,0,37.066
01/01/2016,0,36.888
01/01/2016,0,36.844
01/01/2016,0,36.666
01/01/2016,0,36.533
01/01/2016,0,36.399
01/01/2016,0,36.222
01/01/2016,0,36.045
01/01/2016,0,36.001
01/01/2016,0,35.692
01/01/2016,0,35.428
01/01/2016,0.2,35.296
01/01/2016,0,35.121
01/01/2016,0,34.989
01/01/2016,0,34.639
01/01/2016,0.2,34.596
01/01/2016,0,34.509
01/01/2016,0.2,34.247
01/01/2016,0.4,34.334
01/01/2016,0.2,34.16
01/01/2016,0.4,34.117
01/01/2016,0.4,34.03
01/01/2016,0.4,34.117
01/01/2016,0.2,34.335
01/01/2016,0,34.422
01/01/2016,0,34.378
01/01/2016,0,34.378
01/01/2016,0,34.858
01/01/2016,0,35.121
01/01/2016,0,35.649
01/01/2016,0,35.693
01/01/2016,0,35.737
01/01/2016,0,36.002
01/01/2016,0.2,35.781
01/01/2016,0,35.781
01/01/2016,0.4,35.825
02/01/2016,0.2,35.913
02/01/2016,0.2,36.267
02/01/2016,0.4,36.267
02/01/2016,0.4,36.223
02/01/2016,0.2,36.356
02/01/2016,0,36.046
02/01/2016,0.2,36.002
02/01/2016,0,36.046
02/01/2016,0,36.002
02/01/2016,0.2,35.958
02/01/2016,0,35.958
02/01/2016,0,36.09
02/01/2016,0,36.268
02/01/2016,0,36.489
02/01/2016,0,36.8
02/01/2016,0.2,37.202
02/01/2016,0,37.784
02/01/2016,0,38.098
02/01/2016,0,38.188
02/01/2016,0,37.963
02/01/2016,0,37.829
02/01/2016,0,37.694
02/01/2016,0,37.425
02/01/2016,0,37.291
02/01/2016,0,37.157
02/01/2016,0,37.157
02/01/2016,0.2,36.979
02/01/2016,0,36.934
02/01/2016,0,37.113
02/01/2016,0,37.157
02/01/2016,0,37.157
02/01/2016,0,37.47
02/01/2016,0,37.784
02/01/2016,0,38.009
02/01/2016,0,38.234
02/01/2016,0,38.594
02/01/2016,0,38.956
02/01/2016,0,39.138
02/01/2016,0,39.592
02/01/2016,0,40.049
02/01/2016,0,40.323
02/01/2016,0.4,40.644
02/01/2016,0,40.736
02/01/2016,0.2,40.736
02/01/2016,0.2,41.058
02/01/2016,0.4,41.104
02/01/2016,0,41.105
02/01/2016,0.4,41.151
02/01/2016,0.2,41.335
02/01/2016,0,41.428
02/01/2016,0,41.613
02/01/2016,0.2,41.613
02/01/2016,0,41.751
02/01/2016,0,42.03
02/01/2016,0.2,42.123
02/01/2016,0,42.262
02/01/2016,0,42.588
02/01/2016,0,42.914
02/01/2016,0,43.055
02/01/2016,0.2,43.195
02/01/2016,0,43.476
02/01/2016,0.2,43.336
02/01/2016,0.2,43.336
02/01/2016,0,43.383
02/01/2016,0,43.664
02/01/2016,0.2,43.758
02/01/2016,0.2,44.041
02/01/2016,0.2,44.041
02/01/2016,0,44.229
02/01/2016,0.2,44.182
02/01/2016,0.2,44.182
02/01/2016,0.2,44.418
02/01/2016,0.2,44.465
02/01/2016,0.2,44.607
02/01/2016,0.2,44.796
02/01/2016,0,44.702
02/01/2016,0.2,44.891
02/01/2016,0,44.796
02/01/2016,0,45.223
02/01/2016,0.2,45.413
02/01/2016,0.2,45.413
02/01/2016,0,45.651
02/01/2016,0.2,45.842
02/01/2016,0,45.747
02/01/2016,0,45.747
02/01/2016,0,45.842
02/01/2016,0.2,45.795
02/01/2016,0,45.795
02/01/2016,0,45.699
02/01/2016,0.2,45.747
02/01/2016,0,45.747
02/01/2016,0,45.652
02/01/2016,0,45.747
02/01/2016,0,45.795
02/01/2016,0,45.938
02/01/2016,0,46.177
03/01/2016,0.4,46.464
03/01/2016,0.2,46.8
03/01/2016,0,47.329
03/01/2016,0,47.908
03/01/2016,0.2,48.247
03/01/2016,0,48.344
03/01/2016,0,48.441
03/01/2016,0,48.636
03/01/2016,0,48.83
03/01/2016,0,49.074
03/01/2016,0,48.976
03/01/2016,0,49.171
03/01/2016,0,49.074
03/01/2016,0,48.636
03/01/2016,0,48.636
03/01/2016,0,48.442
03/01/2016,0,48.151
03/01/2016,0,48.054
03/01/2016,0,47.715
03/01/2016,0,47.667
03/01/2016,0.2,47.329
03/01/2016,0,47.04
03/01/2016,0,46.848
03/01/2016,0.2,46.512
03/01/2016,0,46.225
03/01/2016,0.2,46.13
03/01/2016,0,45.891
03/01/2016,0.2,45.748
03/01/2016,0,45.462
03/01/2016,0,45.13
03/01/2016,0,44.892
03/01/2016,0,44.798
03/01/2016,0,44.467
03/01/2016,0,44.325
03/01/2016,0,44.183
03/01/2016,0,43.807
03/01/2016,0,43.666
03/01/2016,0,43.525
03/01/2016,0,43.431
03/01/2016,0,43.244
03/01/2016,0,43.103
03/01/2016,0,43.01
03/01/2016,0,42.916
03/01/2016,0,42.776
03/01/2016,0.2,42.73
03/01/2016,0.4,42.404
03/01/2016,0.4,42.311
03/01/2016,0.8,42.404
03/01/2016,0.6,42.357
03/01/2016,0.8,42.125
03/01/2016,0.4,41.893
03/01/2016,0.4,41.893
03/01/2016,0.6,41.8
03/01/2016,0.6,41.846
03/01/2016,0.6,41.939
03/01/2016,0.6,41.847
03/01/2016,0.8,42.311
03/01/2016,0.8,42.497
03/01/2016,1,42.683
03/01/2016,1,43.385
03/01/2016,0.6,44.09
03/01/2016,0.6,44.609
03/01/2016,1,45.558
03/01/2016,0.6,46.705
03/01/2016,1,47.958
03/01/2016,0.8,49.319
03/01/2016,0.6,51.185
03/01/2016,0.6,53.273
03/01/2016,0.4,55.691
03/01/2016,0.4,58.04
03/01/2016,0.4,60.523
03/01/2016,0.4,63.409
03/01/2016,0.2,66.229
03/01/2016,0.2,69.143
03/01/2016,0,72.723
03/01/2016,0.2,76.955
03/01/2016,0,81.455
03/01/2016,0,85.719
03/01/2016,0,90.186
03/01/2016,0,93.932
03/01/2016,0,97.662
03/01/2016,0,100.762
03/01/2016,0,103.211
03/01/2016,0,105.473
03/01/2016,0,106.99
03/01/2016,0,108.375
03/01/2016,0,109.488
03/01/2016,0,110.325
03/01/2016,0,110.744
03/01/2016,0,111.164
03/01/2016,0,111.304
03/01/2016,0,111.304
03/01/2016,0,111.024
03/01/2016,0,110.954
03/01/2016,0,110.255
03/01/2016,0,109.836
04/01/2016,0,109.001
04/01/2016,0,107.959
04/01/2016,0,107.059
04/01/2016,0,106.3
04/01/2016,0,105.267
04/01/2016,0,104.032
04/01/2016,0,103.143
04/01/2016,0,101.645
04/01/2016,0,100.966
04/01/2016,0,99.884
04/01/2016,0,98.738
04/01/2016,0,97.797
04/01/2016,0,96.659
04/01/2016,0,96.059
04/01/2016,0,95.127
04/01/2016,0,94.198
04/01/2016,0,93.537
04/01/2016,0,92.745
04/01/2016,0,91.89
04/01/2016,0,91.102
04/01/2016,0,90.252
04/01/2016,0,89.6
04/01/2016,0,88.755
04/01/2016,0,88.301
04/01/2016,0,87.589
04/01/2016,0.2,86.75
04/01/2016,0,86.106
04/01/2016,0,85.336
04/01/2016,0,84.568
04/01/2016,0,83.803
04/01/2016,0,83.103
04/01/2016,0,82.089
04/01/2016,0,82.152
04/01/2016,0,80.89
04/01/2016,0,80.073
04/01/2016,0,79.509
04/01/2016,0,78.759
04/01/2016,0,78.074
04/01/2016,0,77.267
04/01/2016,0,76.895
04/01/2016,0,76.092
04/01/2016,0,75.538
04/01/2016,0,74.923
04/01/2016,0,74.127
04/01/2016,0,73.456
04/01/2016,0,72.786
04/01/2016,0,72.179
04/01/2016,0,71.695
04/01/2016,0,70.79
04/01/2016,0,70.452
04/01/2016,0,69.961
04/01/2016,0.2,69.308
04/01/2016,0.2,68.602
04/01/2016,0.4,68.007
04/01/2016,0,67.521
04/01/2016,0.2,67.091
04/01/2016,0.2,66.446
04/01/2016,0,66.017
04/01/2016,0,65.643
04/01/2016,0,65.003
04/01/2016,0.2,64.524
04/01/2016,0,64.258
04/01/2016,0.2,63.676
04/01/2016,0,63.147
04/01/2016,0,62.673
04/01/2016,0,62.252
04/01/2016,0.2,61.727
04/01/2016,0.4,61.204
04/01/2016,0.2,60.891
04/01/2016,0,60.265
04/01/2016,0.2,59.902
04/01/2016,0.2,59.487
04/01/2016,0,59.073
04/01/2016,0,58.66
04/01/2016,0,58.402
04/01/2016,0,57.991
04/01/2016,0,57.734
04/01/2016,0,57.427
04/01/2016,0,57.683
04/01/2016,0,57.529
04/01/2016,0,57.376
04/01/2016,0,57.222
04/01/2016,0,57.324
04/01/2016,0,57.018
04/01/2016,0,56.813
04/01/2016,0,56.405
04/01/2016,0,55.795
04/01/2016,0,55.643
04/01/2016,0,55.289
04/01/2016,0,54.985
04/01/2016,0,54.733
04/01/2016,0.2,54.38
04/01/2016,0,53.978
04/01/2016,0.2,53.727
04/01/2016,0,53.326
04/01/2016,0,53.026
05/01/2016,0,52.826
05/01/2016,0,52.527
05/01/2016,0.4,52.378
05/01/2016,0.6,52.378
05/01/2016,0.8,52.378
05/01/2016,0.8,52.378
05/01/2016,0.2,52.03
05/01/2016,0.2,51.981
05/01/2016,0.2,52.378
05/01/2016,0.6,52.627
05/01/2016,0.2,52.528
05/01/2016,0,52.478
05/01/2016,0,52.528
05/01/2016,0.2,53.126
05/01/2016,0,54.179
05/01/2016,0.2,55.441
05/01/2016,0.2,56.61
05/01/2016,0,57.479
05/01/2016,0,57.838
05/01/2016,0,58.249
05/01/2016,0,58.146
05/01/2016,0,58.352
05/01/2016,0,58.352
05/01/2016,0.2,58.816
05/01/2016,0,59.023
05/01/2016,0,59.074
05/01/2016,0.2,59.178
05/01/2016,0,59.23
05/01/2016,0,59.023
05/01/2016,0.2,59.178
05/01/2016,0,58.868
05/01/2016,0,58.662
05/01/2016,0,58.507
05/01/2016,0,58.25
05/01/2016,0,58.095
05/01/2016,0,57.89
05/01/2016,0.2,57.787
05/01/2016,0,57.839
05/01/2016,0,57.787
05/01/2016,0,57.941
05/01/2016,0,57.787
05/01/2016,0,57.89
05/01/2016,0,57.89
05/01/2016,0,57.993
05/01/2016,0,57.993
05/01/2016,0,57.582
05/01/2016,0,57.634
05/01/2016,0,57.634
05/01/2016,0,57.582
05/01/2016,0,57.634
05/01/2016,0,57.531
05/01/2016,0,57.377
05/01/2016,0,57.224
05/01/2016,0.2,56.917
05/01/2016,0.4,56.815
05/01/2016,0.4,56.611
05/01/2016,0,56.611
05/01/2016,0,56.153
05/01/2016,0,56.051
05/01/2016,0,55.848
05/01/2016,0,55.493
05/01/2016,0,55.442
05/01/2016,0,55.038
05/01/2016,0,54.785
05/01/2016,0,54.785
05/01/2016,0,54.583
05/01/2016,0,54.382
05/01/2016,0,54.332
05/01/2016,0,54.483
05/01/2016,0,54.332
05/01/2016,0,54.583
05/01/2016,0,54.231
05/01/2016,0,54.281
05/01/2016,0,54.03
05/01/2016,0,53.93
05/01/2016,0,53.629
05/01/2016,0,53.578
05/01/2016,0,53.478
05/01/2016,0,53.228
05/01/2016,0,52.829
05/01/2016,0,52.729
05/01/2016,0,52.38
05/01/2016,0,52.231
05/01/2016,0,51.933
05/01/2016,0.2,51.784
05/01/2016,0.6,51.586
05/01/2016,0.8,51.388
05/01/2016,0.8,50.993
05/01/2016,0,50.993
05/01/2016,0,50.845
05/01/2016,0,50.599
05/01/2016,0,50.402
05/01/2016,0,50.648
05/01/2016,0,51.141
05/01/2016,0.2,52.231
05/01/2016,0.2,53.029
06/01/2016,0.2,53.78
06/01/2016,0,53.93
06/01/2016,0,53.679
06/01/2016,0,53.429
06/01/2016,0,52.779
06/01/2016,0.2,52.232
06/01/2016,0,52.033
06/01/2016,0,51.934
06/01/2016,0,51.983
06/01/2016,0,52.033
06/01/2016,0,52.083
06/01/2016,0,52.132
06/01/2016,0,51.785
06/01/2016,0,51.389
06/01/2016,0,51.043
06/01/2016,0,50.6
06/01/2016,0,50.305
06/01/2016,0,50.01
06/01/2016,0.2,50.059
06/01/2016,0.2,49.912
06/01/2016,0.6,49.667
06/01/2016,0.2,49.667
06/01/2016,0,49.423
06/01/2016,0,49.179
06/01/2016,0,48.643
06/01/2016,0,48.207
06/01/2016,0.2,47.868
06/01/2016,0,47.337
06/01/2016,0,46.76
06/01/2016,0,46.52
06/01/2016,0,46.137
06/01/2016,0,45.708
06/01/2016,0,45.469
06/01/2016,0,45.184
06/01/2016,0,44.995
06/01/2016,0,44.663
06/01/2016,0,44.332
06/01/2016,0,44.238
06/01/2016,0,44.002
06/01/2016,0,43.673
06/01/2016,0.2,43.626
06/01/2016,0,43.485
06/01/2016,0,43.392
06/01/2016,0,43.204
06/01/2016,0,43.017
06/01/2016,0,43.064
06/01/2016,0,42.877
06/01/2016,0,42.737
06/01/2016,0,42.644
06/01/2016,0,42.551
06/01/2016,0,42.364
06/01/2016,0,41.993
06/01/2016,0,42.132
06/01/2016,0,41.993
06/01/2016,0,41.622
06/01/2016,0,41.483
06/01/2016,0,41.252
06/01/2016,0,41.022
06/01/2016,0,40.93
06/01/2016,0,40.7
06/01/2016,0,40.608
06/01/2016,0,40.333
06/01/2016,0,40.196
06/01/2016,0,39.967
06/01/2016,0,39.922
06/01/2016,0,39.785
06/01/2016,0,39.42
06/01/2016,0,39.284
06/01/2016,0,39.148
06/01/2016,0,38.966
06/01/2016,0,38.831
06/01/2016,0,38.876
06/01/2016,0,38.469
06/01/2016,0,38.514
06/01/2016,0.2,38.514
06/01/2016,0,38.469
06/01/2016,0,38.379
06/01/2016,0,38.424
06/01/2016,0,38.831
06/01/2016,0,39.831
06/01/2016,0,41.023
06/01/2016,0,41.854
06/01/2016,0,42.319
06/01/2016,0,42.458
06/01/2016,0,42.133
06/01/2016,0,41.808
06/01/2016,0,41.253
06/01/2016,0,40.793
06/01/2016,0,40.471
06/01/2016,0,40.151
06/01/2016,0,39.785
06/01/2016,0,39.285
06/01/2016,0,39.239
06/01/2016,0,38.831
06/01/2016,0,38.741
06/01/2016,0,38.56
